<?xml version="1.0" encoding="UTF-8"?>
<jcr:root  xmlns:cq="http://www.day.com/jcr/cq/1.0" xmlns:sling="http://sling.apache.org/jcr/sling/1.0" xmlns:granite="http://www.adobe.com/jcr/granite/1.0" xmlns:jcr="http://www.jcp.org/jcr/1.0" xmlns:nt="http://www.jcp.org/jcr/nt/1.0"
    jcr:primaryType="nt:unstructured"
    jcr:title="Silktide Integration"
    cq:showOnCreate="{Boolean}true"
    sling:resourceType="granite/ui/components/coral/foundation/fixedcolumns">
    <items jcr:primaryType="nt:unstructured">
        <column
            jcr:primaryType="nt:unstructured"
            sling:resourceType="granite/ui/components/coral/foundation/container">
            <items jcr:primaryType="nt:unstructured">
                <silktideintegration
                    jcr:primaryType="nt:unstructured"
                    jcr:title="Silktide Integration"
                    sling:resourceType="granite/ui/components/coral/foundation/form/fieldset">
                    <items jcr:primaryType="nt:unstructured">
                        <silktideintegration
                            jcr:primaryType="nt:unstructured"
                            sling:resourceType="granite/ui/components/coral/foundation/form/select"
                            fieldDescription="Select the appropriate option to enable / disable the silktide integration"
                            fieldLabel="Enable / Disable Silktide Integration"
                            name="./silktideIntegration">
                            <items jcr:primaryType="nt:unstructured">
                                <enable
                                    jcr:primaryType="nt:unstructured"
                                    text="Enable"
                                    value="enable"/>
                                <disable
                                    jcr:primaryType="nt:unstructured"
                                    text="Disable"
                                    value="disable"/>
                            </items>
                            <granite:data
                                jcr:primaryType="nt:unstructured"
                                cq-msm-lockable="./silktideIntegration"/>
                        </silktideintegration>
                        <overrideParentPageConfiguration
                            jcr:primaryType="nt:unstructured"
                            sling:resourceType="granite/ui/components/coral/foundation/form/checkbox"
                            fieldDescription="Enable to Override Parent Page Configuration"
                            name="./overrideParentPageConfiguration"
                            text="Override Parent Page Configuration ?"
                            uncheckedValue="{Boolean}false"
                            value="{Boolean}true"/>
                        <domain
                            jcr:primaryType="nt:unstructured"
                            sling:resourceType="granite/ui/components/coral/foundation/form/textfield"
                            fieldDescription="Provide public domain for the locale. Example: https://www.silktide.com"
                            fieldLabel="Public Domain"
                            name="./domain"/>
                        <extensionLessUrl
                            jcr:primaryType="nt:unstructured"
                            sling:resourceType="granite/ui/components/coral/foundation/form/checkbox"
                            fieldDescription="Select if the pages are configured as extension-less urls"
                            name="./extensionLessUrl"
                            text="Is the Site configured with Extension-less Urls ?"
                            checked="{Boolean}false"
                            uncheckedValue="{Boolean}false"
                            value="{Boolean}true"/>
                    </items>
                </silktideintegration>
            </items>
        </column>
    </items>
</jcr:root>
