<?xml version="1.0" encoding="UTF-8"?>
<jcr:root xmlns:sling="http://sling.apache.org/jcr/sling/1.0" xmlns:granite="http://www.adobe.com/jcr/granite/1.0" xmlns:cq="http://www.day.com/jcr/cq/1.0" xmlns:jcr="http://www.jcp.org/jcr/1.0" xmlns:nt="http://www.jcp.org/jcr/nt/1.0"
    jcr:primaryType="cq:Page">
    <jcr:content
        jcr:primaryType="nt:unstructured"
        jcr:title="Silktide Configuration"
        sling:resourceType="granite/ui/components/coral/foundation/page">
        <head jcr:primaryType="nt:unstructured">
            <viewport
                jcr:primaryType="nt:unstructured"
                sling:resourceType="granite/ui/components/coral/foundation/admin/page/viewport"/>
            <favicon
                jcr:primaryType="nt:unstructured"
                sling:resourceType="granite/ui/components/coral/foundation/page/favicon"/>
            <clientlibs
                jcr:primaryType="nt:unstructured"
                sling:resourceType="granite/ui/components/coral/foundation/includeclientlibs"
                categories="[sliktide.config.reader.writer,coralui3,granite.ui.coral.foundation,cq.sites.validations]"/>
        </head>
        <body
            jcr:primaryType="nt:unstructured"
            sling:resourceType="granite/ui/components/coral/foundation/page/body">
            <items jcr:primaryType="nt:unstructured">
                <form
                    jcr:primaryType="nt:unstructured"
                    granite:class="silktide-config-form"
                    sling:resourceType="granite/ui/components/coral/foundation/form"
                    foundationForm="{Boolean}true"
                    maximized="{Boolean}true"
                    method="post"
                    novalidate="{Boolean}true"
                    style="vertical">
                    <successresponse
                        jcr:primaryType="nt:unstructured"
                        jcr:title="Config saved successfully"
                        sling:resourceType="granite/ui/components/coral/foundation/form/responses/openprompt"
                        redirect="${empty param.redirect ? granite:concat(&quot;/aem/start.html&quot;, granite:encodeURIPath(requestPathInfo.suffix)) : param.redirect}"
                        text="Silktide is ready to use"/>
                    <items jcr:primaryType="nt:unstructured">
                        <charset
                            jcr:primaryType="nt:unstructured"
                            sling:resourceType="granite/ui/components/coral/foundation/form/hidden"
                            name="_charset_"
                            value="utf-8"/>
                        <wizard
                            jcr:primaryType="nt:unstructured"
                            jcr:title="Silktide Configuration"
                            sling:resourceType="granite/ui/components/coral/foundation/wizard">
                            <items jcr:primaryType="nt:unstructured">
                                <silktideConfigProperties
                                    jcr:primaryType="nt:unstructured"
                                    jcr:title="Configuration"
                                    sling:resourceType="granite/ui/components/coral/foundation/container">
                                    <items jcr:primaryType="nt:unstructured">
                                        <fixedColumnContainer
                                            jcr:primaryType="nt:unstructured"
                                            sling:resourceType="granite/ui/components/coral/foundation/fixedcolumns">
                                            <items jcr:primaryType="nt:unstructured">
                                                <fixedColumn
                                                    jcr:primaryType="nt:unstructured"
                                                    sling:resourceType="granite/ui/components/coral/foundation/container">
                                                    <items jcr:primaryType="nt:unstructured">
                                                        <hidden
                                                            jcr:primaryType="nt:unstructured"
                                                            sling:resourceType="cq/gui/components/siteadmin/admin/createsitewizard/properties"/>
                                                        <endpointUrl
                                                            jcr:primaryType="nt:unstructured"
                                                            sling:resourceType="granite/ui/components/coral/foundation/form/textfield"
                                                            fieldDescription="Provide Silktide Endpoint Url"
                                                            fieldLabel="Endpoint URL"
                                                            name="endpointUrl"
                                                            autocomplete="off"
                                                            required="true"/>
                                                        <apikey
                                                            jcr:primaryType="nt:unstructured"
                                                            sling:resourceType="granite/ui/components/coral/foundation/form/password"
                                                            fieldDescription="Provide Silktide API Key"
                                                            fieldLabel="API Key"
                                                            name="apiKey"
                                                            autocomplete="off"
                                                            required="true"/>
                                                    </items>
                                                </fixedColumn>
                                            </items>
                                        </fixedColumnContainer>
                                    </items>
                                    <parentConfig jcr:primaryType="nt:unstructured">
                                        <next
                                            granite:class="foundation-wizard-control silktide-config-writer"
                                            jcr:primaryType="nt:unstructured"
                                            sling:resourceType="granite/ui/components/coral/foundation/button"
                                            disabled="{Boolean}true"
                                            text="Save"
                                            type="submit"
                                            variant="primary">
                                            <granite:data
                                                jcr:primaryType="nt:unstructured"
                                                foundation-wizard-control-action="next"/>
                                        </next>
                                    </parentConfig>
                                </silktideConfigProperties>
                            </items>
                        </wizard>
                    </items>
                </form>
            </items>
        </body>
    </jcr:content>
</jcr:root>
